,Excess Mean
A,0.12372252026205406
AAL,-0.06459740211565823
AAPL,0.23222776960537087
ABBV,0.14140446446202823
ABT,0.11619783612239179
ACN,0.15514331562903586
ADBE,0.22224221881843254
ADI,0.1525892003535922
ADP,0.13320840506113923
AEE,0.09342389090105288
AEP,0.08318981718623289
AES,0.053039972189420206
AFL,0.1069746154720753
AGG,0.008488512062137339
AJG,0.17141668272605967
AKAM,0.08444310041395647
ALB,0.08801467809858331
ALL,0.10896826074649149
AMAT,0.22752369938455516
AMD,0.35357240417497776
AME,0.11309494621086812
AMGN,0.10970626012988025
AMZN,0.19459087402931916
ANET,0.27553880300577843
AON,0.1275989544295729
APA,-0.07687317663955624
APD,0.11273844823931062
ARE,0.09125107034202921
ATO,0.11121025694598424
AVGO,0.324351512101355
AXP,0.07957260840988352
AZO,0.1608675725322279
BAC,0.0839174767403971
BALL,0.08089444459340392
BAX,0.01022251266394661
BBY,0.09005498221104351
BDX,0.08870756777953738
BEN,-0.03443641312607909
BIO,0.08789273359626933
BKNG,0.104164849384924
BKR,0.004314398653575749
BLK,0.11190108929767455
BMY,0.017424768991527482
BND,0.009054786477810111
BR,0.17529036735080217
BRO,0.15359896740658333
C,0.012497545770938121
CAG,0.02972620306526657
CAH,0.06213420025896356
CAT,0.1379946245252577
CB,0.092509990410725
CDW,0.2293658839516352
CE,0.11555403856316053
CF,0.0718993675641314
CHRW,0.0551446309656362
CI,0.12113036994797047
CINF,0.0906867012893083
CL,0.035740760985313716
CLX,0.06304804984400088
CMCSA,0.06433790020748754
CNP,0.05034969912586088
COO,0.10373425911618006
COST,0.18522049318778572
CPB,0.020983029564594493
CPT,0.08447951905911306
CRM,0.14800447316203683
CSCO,0.10473871970449353
CTRA,-0.023675254116029682
CVS,0.026847251679204782
CVX,0.05135590733586298
D,0.0013379575081643425
DAL,0.04014684866383961
DD,0.03670612770296163
DE,0.1593967862300539
DG,0.08035498586504307
DHR,0.1910257724449206
DLR,0.13068982586191275
DOV,0.09817135544247779
DRI,0.14501136976573872
DVN,-0.005451065445540655
DXC,0.012885531877356507
ECL,0.06696415549536193
ED,0.08095943381732906
EDV,0.016027323687948226
EFX,0.13019495045407437
EG,0.09763567235896076
EIX,0.07283623043612583
EL,0.07078109105400243
EMN,0.030857459754374896
EMR,0.05379174673775826
ENPH,0.28848151309836595
EOG,0.05482126301018021
EQR,0.0569506517202963
EQX,0.01952329858818376
ES,0.06188360910775437
ESS,0.07454133714393149
ETN,0.13365926013965346
ETR,0.05564973455817127
EVRG,0.07573550921002853
EXC,0.08794259401789604
EXPD,0.111554931786717
EXR,0.1608949987226477
F,0.0154185741440333
FAST,0.12034736113689225
FCX,0.01689849673442814
FDS,0.14995590559664362
FE,0.045409212781865146
FFIV,0.06102917591967124
FMC,0.004612060896681583
FRT,0.02745684673610437
FSLR,0.10095897689248283
FTNT,0.26479466285480663
GE,-0.016865247935464116
GEN,0.08503377049671637
GILD,0.028062763588378007
GL,0.08516849834569079
GLW,0.07113452592304619
GOOGL,0.1524613972534279
GS,0.08773024844935487
HD,0.15840552582979636
HIG,0.09468219755242328
HLT,0.13637394248103116
HON,0.10067470302741324
HPE,0.07052340418420273
HPQ,0.10836508196851566
HRL,0.04751368542787381
HSIC,0.04413710725044441
HWM,0.09895597739168696
HYG,0.024488102999164638
IBM,0.024831437735761682
IEF,0.006239057768052332
IEI,0.0033773464491803048
IEX,0.1137828132772941
IGSB,0.00830726375151472
ILMN,0.014212092950418764
INTC,0.08608158784583801
INTU,0.2108700663963153
IR,0.12138011844552678
ISRG,0.1991335143906863
IT,0.17788129794255225
ITOT,0.10146768412088908
JBHT,0.09634610253626884
JCI,0.05672533065072256
JKHY,0.10677858797569909
JNJ,0.07262254298375481
JPM,0.12566732105945908
KEYS,0.1640838693887503
KHC,-0.04141467543618848
KIM,0.04567752446084884
KLAC,0.257026684834381
KMB,0.04359551191466844
KMI,-0.02968411204601992
KMX,0.04024102443719137
KO,0.059891708669405054
KR,0.09393745794509645
L,0.034746790464974114
LDOS,0.1290834385850661
LEN,0.1284824061050946
LIN,0.1260916567769168
LKQ,0.034447624260071905
LLY,0.25724527904020567
LNT,0.09332331091029822
LOW,0.1593709567665242
LQD,0.020174779062511673
LRCX,0.2655710214571248
LUMN,-0.2196441120263494
LW,0.12744090706236202
LYB,0.05683283793226685
MA,0.16057564108115494
MAA,0.10480516152192366
MAR,0.15399846246383564
MCD,0.1299525843918524
MCHP,0.15209601527486313
MDT,0.050149931821880454
META,0.17798753725324348
MKC,0.07847042198986537
MKTX,0.14926730507507754
MNST,0.15563464501102564
MO,0.05766928740336697
MRK,0.105606071251103
MS,0.12581756446795572
MSCI,0.25890936956564714
MSFT,0.24003397344216573
MTB,0.03525764913869359
MTCH,0.059199136131008565
NDAQ,0.1570981514109464
NEE,0.12275797089746507
NEM,0.06727277051730982
NFLX,0.21535002829351765
NI,0.09610140841487488
NKE,0.10421220062985888
NOC,0.14985983614555365
NOW,0.24545851319258524
NRG,0.07306170747732696
NTRS,0.048661238935200544
NUE,0.13665499459465108
NVDA,0.48044625526430706
NVR,0.18418800301797167
O,0.08231020613736688
ODFL,0.23954471640720235
OKE,0.07996759192181355
ORCL,0.10912581402184346
OTIS,0.0643732744866231
PEP,0.09255689000990232
PFE,0.027540805852300603
PFG,0.07468690566320782
PG,0.07969650248119756
PGR,0.20046164200816366
PH,0.13778549899887577
PLD,0.14862692559789203
PM,0.05081291197205269
PNC,0.09079232902830128
PNR,0.04344433752498672
PNW,0.062010265509431305
PPG,0.05314339281718735
PPL,0.03593838612432549
PRU,0.045067566561995655
PSA,0.1007802643167493
PTC,0.15300600014917587
PWR,0.18607852414440249
QCOM,0.08825496596606236
QRVO,0.03796970718493974
RCL,0.10536505500714143
REG,0.0654826147519956
REGN,0.10740352621524736
RF,0.08940799773618517
RHI,0.0859971448300284
RMD,0.13674357695261558
ROK,0.1095914241432525
ROL,0.16564032075218657
ROP,0.13443495607916084
ROST,0.1324656992212753
RSG,0.17257545584189263
RTX,0.03231561569803083
SBAC,0.10058066861981754
SBUX,0.10063595086808663
SEDG,0.14209223828480566
SEE,0.013873500016890342
SJM,0.039713631900077415
SLB,-0.03566497621206749
SNA,0.11043140344503653
SNPS,0.24587523485146648
SO,0.09007081056430936
SPGI,0.1754542082108292
STT,0.022371900308167644
STX,0.0838454211299616
STZ,0.12763829868726922
SWK,0.03328164800852493
SWKS,0.147898699328393
SYF,0.06034017489718057
SYK,0.14249302296038005
T,0.020786447018597377
TAP,0.02353059284785114
TDG,0.22467777078000106
TEL,0.10493281787548155
TER,0.18045315396940187
TGT,0.10083351312749343
TIP,0.012878339646527369
TLT,0.01176064420852639
TMO,0.15213848633559526
TSLA,0.3127522622032812
TXN,0.1555670997073716
UNH,0.20205289625854866
UPS,0.06379545854718466
USB,0.0310774185283915
V,0.15322471951071281
VGIT,0.004298776555662405
VGLT,0.012397703552782859
VGSH,0.0006925085431280532
VRTX,0.1619196891369238
WM,0.15312464631703449
WMT,0.08157839325045509
XOM,0.034232308705090364
ZTS,0.17924498289488433
